Site,Title,Slug,Views_90d,ACTION_DELETE (Type YES to delete)
camjyo,"九州のデイキャンプ場おすすめ10選（2026年版）｜日帰りBBQ・子連れ・絶景",kyushu-day-trip-campsite-top10-2026,0,
camjyo,"FGN放送室にオンライン登壇しました",blog-2007-fgn-housoushitsu,0,
camjyo,"ファンファン福岡、女子キャンプ特集を担当しました",media-2008-fanfan-fukuoka,0,
camjyo,"キャンジョ代表橋本が日田市女性起業家支援イベント「WATER」に登壇します",event-2008-hita-water,0,
camjyo,"「Go To CAMPキャンペーン」福岡キャンプレンタルがその場で最大10,000円がキャッシュバックされるお得なキャンペーンを開始します！",pr-2009-go-to-camp,0,
camjyo,"キャンプ男子公式インスタグラム「キャンダン」が、キャンプを愛する全ての男子に向けてプレゼントキャンペーンを実施します！",pr-2008-camp-danshi,1,
camjyo,"【キャンジョメディア掲載情報】2020年８月のメディア掲載情報をお届けします♪",pr_2020-8-media-information,0,
camjyo,"マークイズ福岡ももちにて、インスタグラムライブ配信「キャンジョナイト」をコラボで開催します！",event-2009-mark-is,0,
camjyo,"パナソニックセンター大阪にて、「おうちキャンプ場」を展示中！",event-2009-panasonic-center-osaka,0,
camjyo,"キャンジョ代表の橋本が「第49回スタートアップラウンジ」に登壇します",event-2010-nagasaki-dejima,0,
camjyo,"キャンジョ代表の橋本が、大分女性起業家支援イベント「OSWステージアップミーティング」に登壇します。",event-2012-osw,0,
camjyo,"福岡のスタートアップが大集結！「FGN文化祭」にキャンジョが出店します。",event-fgn-bunkasai,1,
camjyo,"キャンジョ代表橋本が、西日本シティ銀行地域に元気を創造メディア「 GO!GO!ワンク」に取材いただきました",media-2010-gogowanku,0,
camjyo,"キャンプ女子コミュニティ『キャンプ女子/キャンジョ』がインスタグラムフォロワー数６万人を突破しました。",pr-2010-camjyo-6mannnin,1,
camjyo,"#CAMPCHELIN「キャンプシュラン2020」、みんなの一票でキャンプ場を応援しよう！ベストキャンプ場総選挙を開始",pr-2011-campchelin,0,
camjyo,"油山グランピング、八仙閣と協業。福岡天神のビアガーデンでグランピングと中華オーダーバイキングが楽しめる「あったか中華」フェアをスタート。",pr-2012-8000,0,
camjyo,"キャンジョがKBC九州朝日放送「シリタカ！」にクリスマスキャンプの取材協力しました。",media-2012-kbc-shiritaka,0,
camjyo,"じろうまる保育園様（福岡市）の野遊びクリスマス会にて、キャンジョが野遊び講師を努めました。",event-2012-jiroumaruen-xmas,0,
camjyo,"じろうまる保育園様の野遊び教室に���、キャンジョが講師を務めました。",event-2101-jiroumaruen-cookingbag,0,
camjyo,"6万人のキャンプ好きの女性が集う女性向けキャンプコミュニティ「キャンジョ」が、ECサイト「CAMJYO STORE」のコンセプトをリニューアル！",pr-2101-camjyostore,0,
camjyo,"福岡市植物園と「キャンプ女子」がコラボ！植物園で「たき火」イベントを2/11（祝日）に開催します。",event-2102-fukuokacity_botanical,0,
camjyo,"キャンジョ代表橋本と柴垣がジーズアカデミーのトークイベント【OPEN G's #07 脱サラ企業のリアルトーク〜わたしが安定した職場をやめた理由〜】に登壇します",event-2011-gsacademyfuk,0,
camjyo,"福岡市植物園「焚き火の時間」に焚き火講師としてお招きいただきました",event-2102-fukuokabota,0,
camjyo,"油山グランピング×八仙閣コラボ第二弾！３月８日より天神の屋上で絶品BBQと中華が楽しめる「八仙閣の中華＆BBQ」がオープン！",pr-2103-8000bbq,0,
camjyo,"キャンプ道具の買取・レンタルサービス「キャンプレント」が西日本FHオープンイノベーションハブ 2020でエフエム福岡賞を受賞！",pr-2003-oihub2020,0,
camjyo,"日本初出店！キャンジョストア 天神イムズ店オープンしました！",blog-2103-canjyosotoreopen,0,
camjyo,"キャンプ道具のシェアリングエコノミーなど運営する、キャンプ女子株式会社が内閣府「地方創生SDGs官民連携プラットフォーム」へ参画いたしました",pr-2104-SDGs,0,
camjyo,"デジタルハリウッドが主催する「デジタルフロンティアグランプリ2021」にて「学長賞」をキャンプ女子代表・橋本華恋が受賞。",pr-2104-dh,0,
camjyo,"キャンプ女子株式会社、布団から寝袋を作る「サスティナブル寝袋」がクラウドファンディング「Makuake」発売開始６時間で目標金額���００%を達成",pr-2104-romance,0,
camjyo,"キャンプ女子・キャンプ男子がしまむらグループ「アベイル」とコラボ！春夏にキャンプに着て欲しいTシャツを販売します",pr-2104-avail,2,
camjyo,"シティリビング東京「この春は外遊びが楽しい！初心者キャンプのススメ」記事を担当しました。",media-2104-cityliving-tokyo,0,
camjyo,"日経新聞4月28日「キャンジョストア 」が紹介されました。",media-2104-nikkei,0,
camjyo,"【関東版】ホットペッパービューティー5月号「女子キャンプQ＆A」を監修しました",media-hotpepperbeauty,0,
camjyo,"【期間限定】BBQ機材全て貸���！油山駐車場BBQをオープンします",pr-aburayama-bbq,1,
camjyo,"日経MJ（5/17付）に掲載されました",media-2105-nikkei,0,
camjyo,"キャンジョストアがイムズ３階へリニューアルオープンしました。",pr-camjyostore-re,1,
camjyo,"ARIFT（5/21発刊）に紹介されました",media-202105-arift,0,
camjyo,"2021年4月メディア掲載情報",media-2021-4-information,0,
camjyo,"KBC九州朝日放送「シリタカ」にてキャンジョストアが紹介されました",media-202105-shiritaka-bousai,0,
camjyo,"アウトドアミュージック コラボイベント",yamaha_yurucam_202106,0,
camjyo,"NHK福岡、ロクいち！福岡にキャンジョストアが登場しました",media-2105-NHK,0,
camjyo,"ふくおか経済５月号に紹介されました",media-2105-fukuokakeizai,0,
camjyo,"キャンプ女子のための「キャンジョストア」福岡天神店が拡張オープン!レンタル「おうちキャンプセット」「リモート キャンプセット」などもレンタル開始！",pr-2105-camjyostore,0,
camjyo,"2021年5月メディア掲載情報",media-2021-5-information,0,
camjyo,"シティ情報ふくおか（７月号）に掲載されました",media-2021-cityfuk,0,
camjyo,"キャンプ女子株式会社、自然とキャンプを大切にするサスティナブルなアウトドアブランド「ritacamp（リタキャンプ）」を発表。",pr-2107-ritacamp,1,
camjyo,"コラボアパレル＆キャンプグッズ共同開発",avail_202107,0,
camjyo,"2021年6月メディア掲載情報",media-2021-6-information,0,
camjyo,"リビング北九州（６/19号）おうちキャンプ特集を監修いたしました。",media-2021-living,0,
camjyo,"トヨタ九州が運営するコワーキングスペース「Garraway 7F」のアウトドア装飾を担当しました。",pr-2107-garrawayf,0,
camjyo,"筑後中経協経営向上セミナーに登壇しました。",event-2107-chukeikyo,0,
camjyo,"ゆるキャン△書籍「アウトドア音楽を楽しもう」イベントに出演しました",event-2107-yurucam,0,
camjyo,"［社会実験］天神 憩いの時間と空間プロジェクトにキャンジョが参加協力",pr-2107-welove,0,
camjyo,"アミュプラザ小倉とのコラボ企画がスタート！8月7日にはコラボインスタライブも配信。",pr-2108-amukokura,0,
camjyo,"【ritacamp×TeaRoom】キャンプ女子株式会社の新アウトドアブランド「ritacamp」とお茶で日本文化の価値を世界に広める「TeaRoom」がコラボ。「木の幹や茎で作ったお茶」を販売。",pr-2108-TeaRoom,0,
camjyo,"【セミナーレポート】ガーデンズ千早（福岡市東区）イベント「防災を楽しく学べる2days」の講師を務めました。",event-2108-gardens-bousai,0,
camjyo,"LOVE FM「てぃんぴー」にキャンジョバンドのカレンがゲスト出演しました。",2018_infomation_lovefm,0,
camjyo,"テレQ「ふくサテ！」に福岡キャンプレンタルが紹介されました",2108-information-treq,0,
camjyo,"福岡のふかぼりメディア「ささっとー」にキャンパーアンドダンジョンが紹介されました。",media-20,2,
camjyo,"2021年7月メディア掲載情報",media-2021-7-information,0,
camjyo,"2021年8月のメディア掲載情報",media-2021-8-information,0,
camjyo,"FM FUKUOKA「Namy&Chill」に出演しました",media-2107-namychill,0,
camjyo,"電ファミニコゲーマーに「キャンパーアンドダンジョン」が紹介されました",media-2108-denfami,0,
camjyo,"「ファンファン福岡」にキャンパーアンドダンジョンが紹介されました。",media-2108-fanfanfukuoka,0,
camjyo,"女の子のためのコミュニティメディア「MERY」の記事を監修しました。",media-2108-mery1,0,
camjyo,"RKB毎日放送の「タダイマ！」にキャンジョ代表橋本華恋がゲストとしてスタジオ出演しました。",media-2108-tadaima,0,
camjyo,"TNC「ももち浜ストア」にてキャンパーアンドダンジョンが紹介されました",media-2109-tnc-camperanddanheon,0,
camjyo,"福岡の住宅メーカー「サンプラザホーム」の屋上キャンプをキャンジョがコーディネートしました。",news_2021_7sunpurazhome,0,
camjyo,"【キャンジョバンド】リリース記念ライブを無観客ライブを実施！ライブ映像を公開しました。",pr-2108-camjyoband-live,0,
camjyo,"福岡トヨペットYoutube番組『ソトヨペット』にキャンジョが出演！ランドクルーザープラドで行くキャンプ動画が公開されました。",pr-2108-fukuokatoyopet,0,
camjyo,"【防災×キャンプ】キャンプ女子株式会社は9月を防災キャンプ月間として、「防災キャンプ」をテーマに、インスタライブを毎週開催！",pr-2109-bousai,0,
camjyo,"キャンプ女子のためのアウトドアショップ「キャンジョストア」が鹿児島初進出！山形屋主催「第21回使ってみたいMONOフェア」に出展！",pr-2109-yamakataya,0,
camjyo,"RKB「タダイマ！」グランピング施設のレポーターとして出演しました。",media-2109-tadaima-hoshitoniji,0,
camjyo,"キャンプ女子 株式会社代表の橋本華恋が、Fukuoka Growth Nextが9月16日(木)15:00〜に開催するスタートアップカンファレンス「CALLING Vol.2」のピッチセッションに登壇",pr-2109-calling,0,
camjyo,"マーケターコミュニティー「カイコクアカデミー」第32回にキャンジョの橋���が出演しました。",media-2109-kaikoku,0,
camjyo,"福岡トヨペットYouTube番組「ソトヨペット」第3弾にキャンジョの柴垣が出演しました！",media-2109-toyopet-aqua,0,
camjyo,"「MERY」女の子にお役立ちのコミュニティメディア！記事監修、第３弾。",media_2109mery03,0,
camjyo,"マークイズ福岡ももち×キャンジョインスタライブ",mark-2109-event,0,
camjyo,"ふくおか経済増刊Espressoに掲載されました",media-2109-espresso,0,
camjyo,"九州佐賀国際空港とキャンプ女子がコラボ！ファミリーキャンプ展示やテント設営講習を10月9日・10日に開催！",pr-2110-sagaairport,0,
camjyo,"じゃらんニュース「女子キャンプ」記事の監修しました！",media-2110-jalan,0,
camjyo,"九州佐賀国際空港「空感を楽しもう」にてキャンプ女子がキャンプセミナー！",event-2110-sagaAP,0,
camjyo,"10月15日熊本県・錦町「錦町で起業をしてみませんか」セミナーにキャンジョの橋本が登壇させていただきます。",event-2010-nishikimachi,0,
camjyo,"CROSS FM　【キラリ、星空キャンプ場】ラジオに出演しました",media-2110-crossfm,2,
camjyo,"西日本シティ銀行さんのサテライトオフィスのキャンプコーディネートを担当いたしました。",pr-2110-ncb-satellite-office,2,
camjyo,"CROSS FM 2 【キラリ、星空キャンプ場】今週もラジオ出演しました。",media-2110-crossfm2,0,
camjyo,"THE CREATERS FUKUOKAにキャンジョがブース出展いたします。",nwes-2110-creatersfukuoka,0,
camjyo,"SNS(インスタグラム)のなりすましアカウントにご注意ください",news-2110-narisumasityuui,0,
camjyo,"テレビ西日本の「ももち浜ストア」にサスティナブルアウトドアブランド【リタキャンプ 】を紹介していただきました。",media-2110-momocihamastore,0,
camjyo,"テレQ「おとななテレビ」にキャンジョの橋本華恋が出��しました。",media-2110-otonanatv,0,
camjyo,"キャンプ女子株式会社が、「草と共に生きる」をコンセプトに掲げる草刈機メーカー株式会社オーレックとコラボ！現在開墾中のキャンプ場の整地を実施しました。",press-2110-orec-camjyo,2,
camjyo,"10月のメディア掲載まとめ",media-2021-10-information,0,
camjyo,"2021年9月のメディア掲載情報",media-2021-9-information,0,
camjyo,"キャンプ女子株式会社は、熊本県・津奈木町のワーケーション事業「いろいろ旅の宿and温泉まがりオフィス」の『キャンプエリア』を担当しました",press-2111-tsunagimachi,0,
camjyo,"11月17日開催、GarrawayF主催【WARIZAN】その道の尖った人をゲストに「雑談」にゲストとしてキャンジョの橋本・柴垣が登壇します",event-2111-warizan,0,
camjyo,"オンライン放送局「3RD PLACE  ONLINE」の【Namy &home】にゲストとして、キャンジョが出演しました。",media-2111-namyandhome,0,
camjyo,"キャンプ女子公式インスタグラム「camjyo（キャンジョ）」がフォロワー数70,000人を突破！フォロワー参加型の新企画も続々実施中。",press-2111-insta70000,1,
camjyo,"RKB毎日放送「タダイマ！」の中継に出演いたしました。",media-2111-tadaima,1,
camjyo,"インスタグラム「キャンジョ/camjyo」がボイボイキャンプ場（大分県）とコラボ！オリジナル シェラカップの製作が決定。",news-2111-boiboicamp,0,
camjyo,"筑紫女学園大学3・4年生の皆さんに「働くこととは」をテーマに、お話させていただきました。",news-2111-chikushijogakuen,0,
camjyo,"今年で11年目を迎える福岡スタートアップイベント「明星和楽2021」のスポンサー企業としてキャンジョは参画します",pr-2111-myoujouwaraku2021,0,
camjyo,"キャンプ女子株式会社、積水ハウス納得工房にて開催された「サンクスフェスティバル」のおうちキャンプセミナーの講師を務めました。",event-2111-sekisuihouse,0,
camjyo,"マークイズ福岡ももちにて、キャンジョコラボイベントを実施！スペシャル展示やコラボインスタライブなども開催。",mark-2021-7to8-event,0,
camjyo,"九州の自然を守ろう！小学生SDGs作文コンテストの表彰式に参加しました",news-2111-aakel,0,
camjyo,"キャンプアドバイザーとして、キャンプ女子株式会社は、長崎県五島市のキャンプ場を訪問しました。",news-2111-gotousi-2021,0,
camjyo,"キャンプ女子株式会社が熊本日日新聞に「福岡で創業した会社」として紹介されました",media-2111-kumaniti,0,
camjyo,"RKB特別番組「The creators2021」のキャンジョが出演しました",media-2111-thecreators,0,
camjyo,"【キャンジョストア】大丸福岡天神店クリスマスマーケットに初出展！サスティナブルキャンプグッズの販売や、キャンプミニ講座も実施。",event-2112-xmasmarket,0,
camjyo,"11月のメディア掲載まとめ",media-2021-11-information,0,
camjyo,"FM FUKUOKA「教えてコンシェルジュ」にラジオ出演しました",madia-2112-fmfukuoka1,0,
camjyo,"福岡県主催の福岡移住を考えるオンラインセミナー「バリカタ！フクオカ！Vol.8 福岡ではたらく～起業編 ～」にキャンプ女子株式会社の代表、橋本華恋が登壇します。",event-2112-barikatafukuoka,0,
camjyo,"キャンプ女子株式会社 代表の橋本華恋が、起業家・エンジニア養成スクール『G's ACADEMY』（ジーズアカデミー）が主催する起業家とプログラミングに関するイベントに登壇します。",event-2112-gstokyo,0,
camjyo,"キャンプ女子株式会社、JR博多シティにて防災キャンプのワークショップを開催！【2022年1月8日（土）9日（日）】",event-2112-jrhakatacity,0,
camjyo,"熊本県・津奈木町、キャンジョが担当するワーケーション事業が「おんせんニュース」に掲載されました。",media-2112-onsennews,0,
camjyo,"福岡市植物園にてクリスマ��キャンプイベントを実施しました。",event-2112-fukuokabotanical-xmas,0,
camjyo,"TNCももち浜ストアにキャンジョ代表の橋本が出演。冬キャンプのレクチャーをいたしました。",media-2201-momochihama,0,
camjyo,"【キャンプ女子株式会社 年頭のご挨拶】キャンプと共に生きる、地球環境と人にやさしい世界の創造",pr-2122-kingashinnenn,1,
camjyo,"【イベントレポート】JR博多シティつばめの杜広場にて、「親子で学ぶ、防災キャンプセミナー」を開催いたしました。",event-2201-bousaicamp,0,
camjyo,"日本生命相互保険会社の広報誌「経営情報」（2022年1月号）でキャンプ女子株式会社が紹介されました",media-2101-nissay,0,
camjyo,"RKBタダイマ！に弊社代表 橋本華恋がゲスト出演いたしました。",media-2201-rkbtadaima,0,
camjyo,"RKB「タダイマ ！」弊社代表 橋本華恋がゲスト出演いたしました。",media-2201-rkbtadaima2,0,
camjyo,"グリーンハウス株式会社（福岡市）のフリーペーパー「いいものみっけ2021年8・9月号」の記事監修をいたしました。",media-2201-greenhouse,0,
camjyo,"キャンプ女子株式会社 が「福岡市植物園」の企業サポーターになりました",pr-2202-fukuokabota,0,
camjyo,"LIG PR記事【座談会】 ジーズアカデミーでプログラミングを学んだら起業家になっていたってほんと？にキャンジョの橋本が登場しました。",medhia-2201-LIG,0,
camjyo,"1月のメディア掲載まとめ",media-2022-01-information,0,
camjyo,"北九州市の魅力を再発見するWEBメディア「キタキュースタイル」にインタビュー記事が公開されました。",media-2201-kitakyustyle,2,
camjyo,"【“チェキ” instax mini 40×MONO-MART×キャンジョ】限定コラボアイテム登場！",news-2202-monomart,0,
camjyo,"キャンプ女子株式会社、イオン九州にて【女子キャンパー限定！はじめてのキャンプ】イベントを2022年3月6日（日）に開催します。",event-2203-AEONkyushu,2,
camjyo,"女子キャンパーのわたしらしいキャンプを応援する、キャンプ女子株式会社は国際女性���ーにちなんで、Instagramキャンペーンを実施します。",pr-2203-internationalwomansday,1,
camjyo,"Marketing Nativeに当社代表・橋本のインタビューが掲載されました。",media-2203-marketingnative,0,
camjyo,"キャンジョの橋本が、別府市で起業を目指す人材を育成・支援するためのプロジェクト「ドリアカ」にてSNS・広報の講師を務めました。",pr-2203-dreamac,0,
camjyo,"キャンプ女子株式会社、長崎県五島市にて初のキャンプイベント「GOTO CAMP 2022 SPRING FESTA」を2022年3月12日（土）に、魚津ヶ崎公園キャンプ場にて開催します。",pr-2203-gotocampfes,0,
camjyo,"九州のキャンプを盛り上げる、キャンジョとボイボイキャンプ場がコラボ！オリジナルデザインのシェラカップの発売を開始しました！",pr-2203-boiboicamp,2,
camjyo,"キャンプ女子×伝統工芸・久留米絣「義右ヱ門（ギエモン）」がコラボ！４月６日（水）〜１２日（火）まで大丸福岡天神店にてポップアップストにて販売もスタート。",pr-2204-kurumekasuri,0,
camjyo,"WEBメディア『Picky's』のアウトドアチェア特集をキャンジョの橋本が監修いたしました。",media-2204-pickys,0,
camjyo,"スタートアップカフェが発行するフリーペーパー『START UP CAFE PRESS vol.35』にキャンジョの橋本がインタビューを受けました。",media-2204-startupcafepress,0,
camjyo,"キャンジョバンドが、キャンプやサウナも楽しめる新しいアウトドアフェス「Laugh&PeaceFes'22」に出演！",pr-2205-lpfes22,0,
camjyo,"キャンプ女子がポッドキャスト番組をスタート！「聞くだけでキャンパーになれる？！レッツゴーキャンプ」をSpotifyにで独占配信。第一話は５月９日（月）朝７時よりスタート。",pr-2205-podcast,0,
camjyo,"キャンプ女子 × スポーツオーソリティのコラボ企画「#わたしのキャンプ服」が５月２７日（金）〜６月２７日（月）まで開催。全国１０店舗のスポーツオーソリティにてスペシャル展示が展開！",pr-2205-watashinocamphuku,1,
camjyo,"⻄南学院⼤学商学部とTSUTAYA 福岡西新店と産学連携マーケティング商材として暗闇専⽤ボードゲーム「キャンパーアンドダンジョン」を提供。",pr-2205-seinangakuin-ccc,0,
camjyo,"女性向けサービス「MERY」の有料ファンコミュニティ「MERY＆」のイベントセミナー講師をキャンジョの橋本が務めました。",7eeqejjm,0,
camjyo,"KBC九州朝日放送「シリタカ」の特集ワークマン女子コーナーにキャンジョの橋本が出演しました。",medhia-2205-workmanjyoshi,0,
camjyo,"TNCテレビ西日本「ももち浜ストア」にキャンジョの橋本が出演しました。",media-2205-momochihamastore,0,
camjyo,"FBS福岡放送めんたいワイドの「ソナエル」コーナーにキャンジョの橋本が出演しました。",media-2206-fbs,0,
camjyo,"スポーツオーソリティアウトドアステージ若松店にてインスタキャンペーン#わたしのキャンプ服 のライブ配信を行いました。",news-2206-outdoorstage,1,
camjyo,"〈学生さんたき火台無料！〉福岡キャンプレンタルは、学生さんのキャンプを全力応援します。",pr-2205-fukuokacamprental,0,
camjyo,"西日本シティ銀行のシェアオフィス「The Company DAIMYO」のレセプションパーティーにキャンジョ代表の橋本華恋がトークセッションに登壇しました。",pr-2205-thecampanyDAIMYO,0,
camjyo,"LOVE FM 「スイッチオンDAYTIME！」のGoodness☆Businessにゲスト出演いたしました。",media-2206-lovrfe3,0,
camjyo,"【キャンプのフリーマーケット】SDGsへの取り組みの一環として、豊田湖畔公園キャンプ場（山口県下関市）にて７月３０日（土）３１日（日）にキャンプイベントを開催します。",pr-2206-campers,0,
camjyo,"防災キャンプセミナー インスタライブ共同開催",ecoflow_202207,0,
camjyo,"６月メディア掲載情報・プレスリリース",media-2022-07-information,0,
camjyo,"福岡市主催、エンジニア養成プロジェクト「データエンジニア・カタパルト」にキャンジョが第二期メンターとして参加。",pr-2206-dataengineer,0,
camjyo,"一般社団法人福岡青年会議所が主催する「Kids JAYCEE第4期生事業　��レンドシップ・キッズアイランド」のサポーター企業としてキャンジョが参加します。",pr-2207-jckids,0,
camjyo,"Spotifyが次世代を担う国内音声コンテンツクリエイターを支援する「クリエイター・サポート・プログラム」、2022年にサポートする第二弾クリエイターとしてキャンジョが選出されました。",pr-2207-podcast,0,
camjyo,"環境省主催の阿蘇・杵島岳登山道補修作業「阿蘇の山でみちなおし」に参加しました。",blog-2207-kisimadake,0,
camjyo,"熊本日日新聞に「阿蘇の山でみちなおし」のインタビュー記���が掲載されました。",media-2207-kumaniti,1,
camjyo,"ダンスやワークショップ、下関の食も楽しめる「海峡レモン祭」にキャンジョバンドが出演します。",event-2207-kaikyoulemon,0,
camjyo,"【イベント中止のお知らせ】キャンパーズフリマin豊田湖畔公園キャンプ場",enent-2207-campers,0,
camjyo,"福岡市Well-being＆SDGs登録制度、マスター登録事業者として贈呈式に参加しました。",pr-2207-well-being-sdgs,0,
camjyo,"7月メディア掲載情報・プレスリリース",media-2022-007-information,0,
camjyo,"福岡市植物園・夜の植物園とコラボ！親子で学べるSDGsキャンプワークショップを開催します。",event-2208-fukuokabota-camjyo,0,
camjyo,"KBC「シリタカ！」にキャンジョの代表橋本が出演しました。",media-2208-siritaka,0,
camjyo,"キャンジョ代表の橋本が、RKB毎日放送「クラファンピッチバトル99」にプレゼンターとして出演します",media-2011-rkb-pitch,0,
camjyo,"キャンジョ　2月のメディア掲載情報まとめ",media-2021-2-information,0,
camjyo,"RKB「池尻和佳子のトコワカ」に出演しました。",media-2102-rkb-tokowaka,1,
camjyo,"リビング熊本9月3日号のアウトドア特集を監修しました。",media-2209-livingkumamoto,0,
camjyo,"キャンプの歌を歌うキャンジョバンドがデビュー１周年！デビュー曲『キャンプパーティー』の振付動画が本日９月２日（金）２０時よりYouTubeにて公開！",pr-2208-campparty-pre,0,
camjyo,"【防災キャンプ】〜さわやか秋キャンプ×防災フェスinちはや公園〜にキャンプ女子株式会社はキャンプと防災の先生としてイベントを9月17日・18日に開催します。",event-2209-gardens,0,
camjyo,"【セミナー登壇】福岡県若者就職支援センター主催、オンライン座談会に橋本華恋が登壇しました。",6vClz856,0,
camjyo,"【セミナー登壇��大分県建設産業女性活躍推進事業『BLOCKS』のブランドマネージャーコースに、キャンプ女子株式会社・橋本華恋が登壇します。",pr-2209-blocks,0,
camjyo,"【セミナー登壇】東京ブランディング大学校の公開講座に、キャンプ女子株式会社・代表橋本華恋が登壇します。",event-2209-gentaiken,0,
camjyo,"Suite Fun Festa 2022「おうちでキャンプ」セミナー",sekisuihouse_202210,0,
camjyo,"【キャンプ飯イベント】11月20日（日）キャンジョ×ハウス食品・うまかっちゃん、唐泊VILLAGEにて開催！",event-2210-houseshokuhin,0,
camjyo,"FUKRATS（フックラッツ）にキャンプ女子株式会社がインタビュー取材を受けました。",media-2210-fukrats,2,
camjyo,"スポーツオーソリティ×キャンジョ×ロキシ、第二回＃わたしのキャンプ服 キャンペーン開始！",pr-2210-watashinocampfuku,0,
camjyo,"KBCアサデス。朝イチスクープにキャンプ女子株式会社が紹介されました。",media-2210-asadesu,0,
camjyo,"にしてつWEBメディア「N×エヌカケル」のインタビュー記事が公開されました。",media-2210-nx,0,
camjyo,"西南学院大学商学部経営学科の三井ゼミ・丸山ゼミの成果発表会を、ritacamp asoで実施しました。",pr-2209-seinangakuin,0,
camjyo,"福岡市植物園にてWell-being&SDGs 企画 第二段 『秋を楽しもう～植物園アウトドアデイズ』（キャンプ編）を11月5日~6日に開催します。",event-2210-fukuokabota,0,
camjyo,"一般社団法人朝倉青年会議所様の定例会にて講演を行いました。",seminar2210-asakuraJCI,0,
camjyo,"【11月12日・13日開催】マリンメッセ福岡にて開催される福岡キャンピングカーショー2022にキャンプ女子株式会社の橋本華恋がトークショーに出演します。",event-2211-campingcarshow,0,
camjyo,"11月13日、ふくおかみなみのみんなの水辺　那珂川 Well-being WEEK （那珂川みらい会議　第一回実証実験）にアウトドアワークショップの出店をします。",event-2211-fukukaminami,0,
camjyo,"Spotify独占配信、キャンプ女子のPodcast番組【レッツゴーキャンプ】が好評につきシーズン２を１１月１４日（月）よりスタート！",pr-2211-letsgocamp,0,
camjyo,"【第二弾】キャンプ女子×スポーツオーソリティ「#わたしのキャンプ服」キャンペーンが全国30店舗のスポーツオーソリティで展開。",pr-2211-roxy-camjyo,0,
camjyo,"那珂川みらい会議主催、第一回実証実験「ふくおかみなみのみんなの水辺」のイベントに出展。子供たちとテント設営ワークショップを開催しました。",event-2211-nagagawa,0,
camjyo,"福岡キャンピングカーショー2022、代表の橋本華恋がトークショーに出演しました。",event-2211-campingcar-talk,0,
camjyo,"スポーツオーソリティアウトドアステージセンター南店（神奈川県）にてインスタグラム「@camjyo」コラボライブを開催しました。",event-2211-centerminami,1,
camjyo,"スポーツオーソリティアウトドアステージ土岐店（岐阜県）にてインスタグラム「@camjyo」コラボライブを開催しました。",event-2211-toki,0,
camjyo,"キャンパーさんへクリスマスプレゼント！インスタグラム【@camjyo /キャンジョ】とキャンジョバンドの合同企画！#キャンジョクリスマスキャンプ フォトコンを開催中！",pr-2212-camjyoxmas,0,
camjyo,"ハウス食品・うまかっちゃん×キャンプ女子、アレンジレシピで楽しむキャンプ飯体験イベントを実施、約100名が参加",event-2211-umanacchan,1,
camjyo,"熊本市・熊本学園大学共催、令和4年度肥後創成塾「スタートライン！～自分がやりたいことを起業案にしてみよう～」にキャンプ女子株式会社、代表橋本華恋が登壇します。",event-2210-kumamotoxpoint,0,
camjyo,"福岡キャンプレンタルが、まるで動くホテル？キャンピングカーの貸し出しをスタート！福岡キャンピングカーショー2022に出展しました。",pr-2212-campingcar,1,
camjyo,"キャンプ場の平日稼働率UP「イン��ウンド×キャンプ」協力キャンプ場の募集開始 【12/31まで】",pr-2212-inboundcamp,0,
camjyo,"キャンジョストアのセカンドライン【キャンジョストアユーズド】をオープン。中古のキャンプギアの販売をスタート！",pr-2212-camjyostoreused,0,
camjyo,"キャンプ女子株式会社、代表橋本華恋お問い合わせ・ご依頼窓口を開設",pr-2212-karenhashimoto,0,
camjyo,"PoliPoli「環境・観光」分野の有識者として代表の橋本華恋・柴垣道宏が登録されました。",pr-2212-polipoli,0,
camjyo,"西南学院大学商学部経営学科講演会に代表・橋本華恋が登壇しました。",pr-2212-seinangakuin,1,
camjyo,"SDGsメディア「スペースシップアース」にインタビューしていただきました。",media-2212-spaceshipearth,0,
camjyo,"年末年始の営業のお知らせ",news-2212-nenmatsunenshi,0,
camjyo,"新年のご挨拶",news-2301-greeting,0,
camjyo,"自然とキャンプを愛する人のためのメディア『キャンジョMAGAZINE』がオープンしました。",news-2101-camjyomagazin,0,
camjyo,"キャンジョバンドがFOREST family recitalに出演しました。",event-2207-forest,0,
camjyo,"12月のメディア掲載まとめ",media-2021-12-information,0,
camjyo,"KBC「アサデス。」に冬キャンプ特集としてキャンジョが出演しました。",media-2112-asadesu,0,
camjyo,"【CAMP×音楽】キャンジョが『キャンプパーティー』で歌手デビュー。キャンプ気分を味わえるレトロな楽曲をリリース！",pr-2108-camjyoband_debut,2,
camjyo,"【キャンジョバンド】公式サイト公開しました！",pr-2108-camjyoband_hp,0,
camjyo,"福岡市植物園と「キャンプ女子」が今年もコラボ！「たき火」イベントや「キッズDJ体験」イベントを12/25（土）に開催します。閉園後の植物園が楽しめる「クリスマスナイトwithキャンジョ」も同時開催！",pr-2112-botanicalxmas,0,
camjyo,"キャンプの歌を歌うキャンジョバンドよりセカンドシングル「クリスマスキャンプ」が12月13日(月)より、配信リリース決定！",pr-2112-xmascamp_press,0,
camjyo,"キャンジョバンドのデビュー曲「キャンプパーティー」をFrascoがリミックス！配信リリース決定",pr-2206-camjyoband-frasco,0,
camjyo,"キャンジョバンド、マイク真木「キャンプだホイ」のカバー曲を配信リリース！",pr-2209-campdahoi,1,
camjyo,"キャンジョバンド『キャンプだホイ』のMVが９月２３日（金）２０時よりYouTubeにて公開！",pr-2209-campdahoimv,0,
camjyo,"キャンプの歌を歌うキャンジョバンドのデビュー曲『キャンプパーティー』の振付動画が公開！",pr-2209-campparty,0,
camjyo,"キャンジョバンド『CAMPFIRE』のMVが１１月２８日（月）２０時よりYouTubeにて公開！",pr-2211-camjyoband,0,
camjyo,"キャンジョ、デビュー曲「キャンプパーティー」のラジオCMを8月18日よりスタート！ナレーションには斉藤ふみさんを起用！",pr_2108_camjyoband_cm,1,
camjyo,"キャンジョバンド「キャンプだホイ」のMVが公開されました！",yAT4RU7t,1,
camjyo,"キャンジョバンドのHPがリニューアルしました。",news-2301-camjyoband,0,
camjyo,"LFCコンポスト",6omdfxE2,1,
camjyo,"積水ハウス",B1BQioWo,1,
camjyo,"ハウス食品株式会社",Bb4CeeXY,2,
camjyo,"九州佐賀国際空港",Kp7bRGiG,1,
camjyo,"スポーツオーソリティー（株式会社メガスポーツ）",MOF-XbyO,0,
camjyo,"JR博多シティ",QL5egaa7,0,
camjyo,"玉名市",ZR7_eqdB,0,
camjyo,"福岡トヨペット株式会社",p39El60I,0,
camjyo,"Eco Flow Japan",x8yImihY,0,
camjyo,"NHK BS1【シリーズウェルビーイング】にキャンプ女子株式会社代表の橋本が登場しました。",media-2301-nhk,0,
camjyo,"ブライダル産業新聞に、キャンジョが施工したアウトドアウェディングが掲載されました。",media-2302-bridal,0,
camjyo,"福岡市植物園にて焚き火イベントの講師を務めました。",event-2301-fukuokabota,0,
camjyo,"代表 柴垣道宏のフォトグラフプロジェクトサイト公開",gacky-2302-projectstart,2,
camjyo,"キャンジョバンド、デビュー曲「キャンプパーティー」が本日配信リリース！リリースを記念して、Twitter・Instagram連動プレゼントキャンペーンも開催！",pr-2108-camjyoband-release,1,
camjyo,"暗闇専用ボードゲーム「キャンパーアンドダンジョン」が六本松 蔦屋書店にて導入決定。8月18日より発売開始！",pr-2108-tutaya,1,
camjyo,"国内アウトドアブランドが集結する「SOTOWAKU PARK 2023」チケット販売開始！ 小学生以下は入場",306,2,
camjyo,"【人と環境に配慮】キャンプ場で使いたい、クリーンビューティーなシャンプー3選",313,1,
camjyo,"【1月29日開催！】入場無料！福岡市植物園「こどもごちめし」とキャンジョがコラボ！焚き火セミナーなど開催します。",315,0,
camjyo,"【イベントレポート】福岡市植物園にて焚き火のイベントを開催しました。",317,0,
camjyo,"【プレゼント】 環境に配慮オーガニックヘアケア「o'rightミニヘアケアセット」が当たる！ キャンジョ公式インスタグラムプレゼントキャンペーン",318,2,
camjyo,"「Mr.Forest」北欧の休日を体験できる新感覚サウナ＆キャンプ施設が今シーズンもオープン！2023年3月18日OPEN",324,2,
camjyo,"日本政策金融公庫主催の第10回高校生ビジネスプラン・グランプリに、キャンプ女子株式会社の代表・橋本華恋がセミナー登壇と、コメンテーターとして参加しました。",20230317,0,
camjyo,"テスト記事",test-1101-debug,0,
camjyo,"【イベントレポート】長崎県五島市にてキャンプイベントGOTO CAMP 2023 SPRING FESTA を開催しました。",event-goto-camp2023,0,
camjyo,"【キャンプをAIが支える】キャンプ女子が全社にChatGPT導入、新しい時代のキャンプ体験を提供",pr-20230330,0,
camjyo,"キャンプ女子株式会社、キャンプ場向けコンサルティング「キャンプパートナーズ」サポートキャンプ場が全国30箇所を達成",pr-20230330-camppartners,0,
camjyo,"キャンプ・自然・エシカル・健康、アウトドアライフスタイル、キャンパーのための新しい情報源WEBメディア【キャンジョMAGAZINE】を正式スタート！",20230331-camjyomagazine,0,
camjyo,"キャンプ女子株式会社の橋本華恋が、LFCコンポストのエコアンバサダーに就任。",20230331-compost,0,
camjyo,"【アウトドア・キャンプに特化したフォトグラファー】自然と共に息づく素晴らしい瞬間を切り取る、キャンプ女子株式会社のガッキー（柴垣道宏）のポートフォリオサイトがオープン！",20230331-gacky,2,
camjyo,"『秘密の暗号で選ばれし者だけが入れる！』完全非公開アウトド���ショップ「キャンジョストア（裏）」オープン―月替わり商品を取り扱い・全商品完全受注販売",20230401-camjyostore-ura,0,
camjyo,"キャンプ場ホームページ制作専門の「キャンプ場ホームページSTUDIO」を提供開始",20230401-campstudio,0,
camjyo,"【スポンサー募集】人気ポッドキャスト番組『レッツゴーキャンプ』がシーズン３のスポンサー企業を大募集！",20230403-letsgocamp,0,
camjyo,"TNC『記者のチカラ』にchatGPTを使う福岡の企業としてキャンプ女子株式会社が紹介されました。",20230425_tnc,0,
camjyo,"5月13日（土）に開催された海峡レモン祭にキャンジョバンドが出演しました。",event-20230513,1,
camjyo,"4月27日オープンの「ABURAYAMA FUKUOKA」の開業式典にキャンプ女子株式会社の橋本華恋が出席しました。",20230427_aburayamafukuoka,2,
camjyo,"【セミナー登壇】熊本市・創業支援施設XOSS.POINT主催、『ビジネスアイデアをカタチにする極意』セミナーにキャンプ女子株式会社代表・橋本華恋が登壇します。",event-20230519-xosspoint,0,
camjyo,"月間4,000万PV、女性のためのライフスタイルメディア『MOREDOOR』のサポーターに、キャンプ女子株式会社代表・橋本華恋が就任しました。",news-20230519,2,
camjyo,"2023年6月9日放送NHK【ロクいち！】にchatGPTを使う企業としてキャンプ女子株式会社が紹介されました。",media-20230609,2,
camjyo,"JR九州が運営する博多駅アミュプラザ博多地下一階の『コワーキングスペースQ』にて開催されるキャンプコミュニケーションイベントのゲストとして参加出演します。",event-20230623,0,
camjyo,"福岡のWEBメディア【フクリパ】にインタビュー記事が公開されました。",media-20230620,0,
camjyo,"お出かけ情報雑誌『九州ウォーカー2023夏』にキャンプ女子株式会社　代表・橋本華恋が登場。",media-2023-kyushuwaliker,0,
camjyo,"アウトドアショップ『ニッチリッチキャッチ』のたなばたナイトにキャンジョバンドが出演します。",event-20230707,0,
camjyo,"【新潟県】キャンジョバンドが子どもたちのための音楽教室「Namy&School」のライブに出演！",pr-20230713,0,
camjyo,"キャンジョが博多駅アミュプラザ博多のコワーキングスペースQにて開催されたコミュニケーションイベントに出演しました！",event-20230621,0,
camjyo,"キャンプ女子株式会社代表、橋本華恋が熊本市・創業支援施設XOSS POINT.主催のセミナーに登壇しました！",event-20230624,0,
camjyo,"LOVE FMラジオ『シド マオの ""Your morning color""』にキャンジョの橋本華恋が出演します。",media-20230718,0,
camjyo,"キャンプ女子、夜の福岡市植物園で親子謎解きウォーキング『アルクエスト』を開催決定！",event-20230725,0,
camjyo,"Instagramアカウント@camjyoがThreadsアカウントの運用開始！",pr-20230727-threads,0,
camjyo,"環境に配慮された『O'right』ヘアケアの使用済み容器は捨てずにリサイクルボックスへ",328,0,
camjyo,"鹿児島 OLIVER LAND × THE GREAT SATSUMANIAN HESTIVAL 2023［DAY2］にキャンジョバンドが出演決定！",pr-20230816,0,
camjyo,"キャンジョバンド、岡山県のアウトドアショップ『ニッチリッチキャッ���』にて開催された『たなばたナイト』に出演しました！",pr-20230808,0,
camjyo,"九州・福岡のキャンピングカーレンタル、夏休み特別キャンペーン「OSOTO campervanで楽しむ！ボードゲームプレゼントキャンペーン」を開催",pr-20230809,1,
camjyo,"キャンプ女子株式会社、西南学院大学と産学連携プロジェクトとして、大学祭にて販売する食品の共同開発・プロジェクトをスタートします。",pr-202308091910,0,
camjyo,"自然とキャンピングカーが融合する！OSOTO campervanが親子謎解きウォーキングアルクエストに登場！",pr-202308102338,0,
camjyo,"キャンプ女子株式会社は２０２３年のお盆期間は休まず営業します！",pr-20230811,0,
camjyo,"キャンジョバンド、福岡市植物園『夏夜のグリーンパーク』にてライブアンドトーク、キッズダンスDJパフォーマンスを披露",pr-202308111810,0,
camjyo,"9月は防災月間！防災キャンプをテーマに、RSK山陽放送『僕らの大冒険』キャンジョ���出演しました。",media-20230906,0,
camjyo,"CAMP ROCK 2023﻿ episode2にキャンプの歌を歌う「キャンジョバンド」が出演します。",20231117,0,
camjyo,"【10月21日（土）】サツマニアンヘスにキャンジョバンドが出演します。",20231117_2,0,
camjyo,"「ピザレボのピザ」を福岡天神で無料配布！11月19日（日）岩田屋福岡本館前にて開催！ピザレボ×こどもごちめし×キャンジョ、トリプルコラボイベント開催！",20211116,0,
camjyo,"福岡キャンプレンタル・osoto campervanが、福岡市イベント「STARTUP KYUSHU」のキャンプ道具レンタルとして採択されました。",20231107,0,
camjyo,"橋本華恋が明星和楽2023トークセッション「九州スタートアップのエコシステムの未来」のモデレーターとして登壇しました。",20231108,0,
camjyo,"産学連携プロジェクトとして、西南学院大学商学部とキャンプ女子株式会社、が共同企画した「小倉カレー」の販売開始！",20231111,0,
camjyo,"キャンプ女子株式会社、国際貿易事業部の設立のお知らせ",20231120,0,
camjyo,"H2モビリティパーク エリアコーディネート",toyota_202312,0,
camjyo,"オリバニアン2023",4f0WQenG,0,
camjyo,"長崎県オールトヨタ",8mwauxsP,0,
camjyo,"株式会社PIZZAREVO｜Gigi株式会社",KT18mb4b,1,
camjyo,"西南学院大学 商学部 森光ゼミ",M-QOGijN,1,
camjyo,"The Creators（福岡市）",WYlVX3NN,2,
camjyo,"STARTUP KYUSHU（福岡市）",xfoNUCsp,2,
camjyo,"ワンヘルスフェスタ2023in福岡",zjxqLbsi,0,
camjyo,"【イベントレポート】「ピザレボのピザ」を福岡天神で無料配布！11月19日（日）岩田屋福岡本館前にてピザレボ×こどもごちめし×キャンジョ、トリプルコラボイベントを実施しました。",20231119,0,
camjyo,"クリスマスは福岡市植物園に集合！クリスマスソングライブや なぞとき、園内の売店・レ��トランで使える600円分クリスマスプレゼントクーポンも！",202312323,0,
camjyo,"キャンプ女子株式会社・国際貿易事業部、初のフードトラック事業「camjyo kitchen」をスタート！福岡モビリティーショー2023で九州産A5和牛の和牛寿司・和牛串を提供。",20231223_camjyokitchen,0,
camjyo,"4年ぶりに開催！福岡モビリティショーにて、福岡で大人気タレント「岡本先生」を特別ゲストに、キャンプ女子の橋本華恋と柴垣道宏がトークショーに出演します。",20231223_okamotosensei,0,
camjyo,"聞く人みんなにビタミンNを届けるネイチャーバンド“キャンジョバンド”がカバー曲「手のひらを太陽に」をリリースしました。",20231225,1,
camjyo,"キャンプ女子株式会社 国際貿易事業部がラスベガスのファンシーフードショーに出展しました！",fancyfood2024,0,
camjyo,"キャンプ女子、令和6年能登半島地震を受け、オリジナルボードゲームを販売し、売上金額を全額寄付をいたします。",20240102,0,
camjyo,"キャンプ女子株式会社、『ソトリスト福岡店』×『福岡キャンプレンタル』協業展開：2,000点以上のキャンプ用品が拡大レンタル可能に",Pr3L9C_8,0,
camjyo,"キャンプ女子株式会社国際貿易事業部は、アメリカ西海岸最大級の高級食品見本市「Winter Fancy Food Show 2024」に出展致します。",20241160935,0,
camjyo,"福岡モビリティショー2023、キャンプ女子株式会社の橋本華恋と柴垣道宏が、岡本先生とトークショーに出演しました。",20241182022,0,
camjyo,"キャンプ女子株式会社の橋本華恋が、2月22日（木）JR九州ホール（福岡市博多区）にて開催の「ファンファン福岡文化祭」トークショーに登壇します。",20241191903,0,
camjyo,"福岡モビリティーショー2023にて、キャンプ女子株式会社はモビリティとキャンプの未来を提案。FCEV・MIRAIと九州キャンプ旅をテーマに、展示とセミナーを実施しました。",20241201550,0,
camjyo,"【防災キャンプイベント】「冒険する長崎プロジェクト」、イベント動画が公開されました。",20241201629,0,
camjyo,"「WAGYUNINJA」がアーティストデビュー！ファーストシングル「NINNIN WAGYU BEEF」を世界配信。ミュージックビデオも同時公開。",20241202320,0,
camjyo,"キャンプ女子株式会社��インスタグラム「キャンジョオーガニック」を開設 ─ キャンプとオーガニックライフスタイルの魅力を提案",20241202337,0,
camjyo,"シティ情報ふくおか「ぶらりUMIまち」LinQのみなさんの撮影コーディネートを担当しました。",20240327,1,
camjyo,"GOTO CAMP FES 2023 WINTER（五島市）",HY5dCdeL,2,
camjyo,"【BE-PAL５月号】絶景キャンプ場特集にてキャンプ女子株式会社、代表橋本華恋が紙面に登場しました。",20240509,0,
camjyo,"【ふくおか経済掲載】橋本華恋代表が語る、キャンプ女子株式会社のキャンピングカー事業とインバウンド戦略",20230530,0,
camjyo,"キャンプ女子株式会社は創業5年を迎えました！ご縁ある皆様に感謝申し上げます。",20240611,0,
camjyo,"【イベントレポ】Fukuoka Growth Nextで「大名キャンプ」を開催！",fukuoka_growth_next_camp,1,
camjyo,"【糸島/キャンプ】海まで徒歩10秒！「DIVE」へ行ってきました！",itooshima_camp_report,0,
camjyo,"【基本の5選】9月は防災月間。キャンプ道具とアウトドアの知恵を活かし、災害に備えよう",bousai2024,2,
camjyo,"福岡モビリティショー（福岡県ブース）",QMIZygLg,2,
camjyo,"シティ情報ふくおか",cityfukuoka2024,1,
camjyo,"キャンプ女子株式会社の代表である橋本華恋、GARDEX 2024にてセミナー登壇決定",gardex2024,0,
camjyo,"キャンプ女子株式会社、スタートアップコミュニティサミット「STARTUP KYUSHU」の運営サポートを実施",startupkyushu2024,0,
camjyo,"この記事は現在準備中です",20240930,0,
camjyo,"橋本華恋がPR TIMES認定、第３期プレスリリースエバンジェリストに就任",evangelist_pr,0,
camjyo,"GARDEXでのセミナー登壇レポート",gardex_report,0,
camjyo,"PR TIMES主催：スタートアップ・ベンチャー企業向け広報セミナーに、キャンプ女子代表の橋本華恋が登壇します。",nwes_20241019,0,
camjyo,"福岡県主催、働く女性とロールモデルとの交流の場。福岡キャリア・カフェの月イチ・キャリアトークにキャンジョ代表橋本華恋が登壇します。",fukuoka_career,0,
camjyo,"【開催レポート】2024年11月22日 PR TIMES主催「広報セミナー」に登壇しました",seminar_20241122,2,
camjyo,"関門ONAIRにキャンプ女子株式会社代表・柴垣道宏（ガッキー）が出演！",kanmon_onair,0,
camjyo,"【メディア出演情報】橋本 華恋が福岡FMラジオ「Our Stories ～わたしたちの物語～」に出演しました！",comiten_2024,0,
camjyo,"【メディア出演情報】橋本華恋が福岡FMラジオ「Our Stories ～わたしたちの物語～」に出演！",comiten_20241217,0,
camjyo,"キャンプ女子株式会社代表、橋本華恋がPR TIMES主催【初めてでも安心、プレスリリースの書き方】inGarrawayF（福岡市中央区、12月20日（金））にセミナー講師として登壇します。",prseminar_202412,0,
camjyo,"PR TIMES主催セミナーに橋本華恋が登壇！初心者も安心のプレスリリース講座を実施",pr_seminar20241220,1,
camjyo,"第二回：福岡広報勉強会（@fukuoka growth next 開催レポート",pr_study02,1,
camjyo,"橋本華恋がPR TIMES主催、熊本市XOSS POINTにて開催「攻めの広報＆プレスリリースセミナー」に登壇",20250221_kumamoto_pr,0,
camjyo,"第三回：福岡広報勉強会（@fukuoka growth next 開催レポート)",pr_study03,1,
camjyo,"【セミナーレポート】PR TIMES主催、熊本市「メディア露出を増やす！攻めの広報＆プレスリリースセミナー」に登壇しました",20250221_pr_kumamoto,1,
camjyo,"[PR TIMES主催]熊本市開催、広報・プレスリリースセミナーに、キャンプ女子株式会社 代表、橋本華恋が登壇",20250310_kumamoto_pr,1,
camjyo,"【PR TIMES主催セミナー】事業を広める！実践で学ぶPR戦略とプレスリリース（別府市開催）にて、キャンプ女子株式会社の橋本華恋が登壇",20250319_beppu,1,
camjyo,"【PR TIMES主催セミナー】企業や地域を強くする実践術（宮崎市開催）にて、キャンプ女子株式会社の橋本華恋が登壇",20250319_miyazaki_pr,2,
camjyo,"【PR TIMES主催セミナー】長崎市初開催、広報PRセミナーにプレスリリースエバンジェリストの橋本華恋が登壇",20250325_nagasaki,0,
camjyo,"【広報を学びたい方・PRパーソン必見】福岡天神にて3月24日（月）プレスリリース基礎講座&もくもく会にプレスリリースエバンジェリスト橋本華恋が登壇",20250324_garrawayf_pr,2,
camjyo,"キャンジョ×＠TRUNK コラボイベント開催！神戸阪急で春のアウトドアライフを楽しもう",20250318_kobe_harusai01,1,
camjyo,"第四回：福岡広報勉強会（@Fukuoka Growth Next）開催レポート",pr_study04,0,
camjyo,"女性キャンパー必見！神戸阪急春祭でキャンプ応援イベント開催【キャンジョ×@TRUNK Supported by CREW THE CAMP",20250329_kobe,0,
camjyo,"日本初？！餅まきならぬ、マシュマロまきも！長崎県五島市にて、GOTO CAMP FES. 2025 SPRINGを今年も開催！魚津ヶ崎公園キャンプ場にて五島の食と自然を楽しむイベント",goto_camp_2025,2,
camjyo,"【神戸/アウトドアショップ】くつろぎ×焚き火の至福時間！理想のアウトドアリビング",outdoor_living,2,
camjyo,"【イベントレポート】 ソニーストア福岡天神 × キャンジョによる『OUTDOOR WEEK』大盛況のうちに終了！",camjyo_sony_2025_report,0,
camjyo,"ソニーストア福岡天神店、「わたしのキャンプ写真展2025」を開催",sony_camjyo2025,0,
camjyo,"「令和6年能登半島地震救援募金」のお礼とご報告",20230119,0,
camjyo,"長崎県五島市にて、キャンプイベント「GOTO CAMP 2023 WINTER FESTA 」を2023年12月2日（土）魚津ヶ崎公園キャンプ場にて開催。",20231123,1,
camjyo,"第7回 福岡広報勉強会 開催レポート",pr_study07,2,
camjyo,"第8回 福岡広報勉強会 開催レポート",pr_study08,0,
camjyo,"キャンプ女子株式会社、「Growth Pitch 第105回 ソーシャルビジネス特集」に登壇 ― 九州発、お香文化を通じた地域資源活用と伝統継承のソーシャルビジネス ―",growth_picth_social,1,
camjyo,"キャンプ女子株式会社、福岡市主催「ソーシャルスタートアップMeetUp」に登壇 ― 自然と伝統を未来へつなぐ“インパクトスタートアップ”「クリスタルインセンス」を紹介 ―",social_20250904,1,
camjyo,"「デジタルノマド展」写真展 / フォトコンテスト共同開催",sony_202510,0,
crystal,"Crystal API Test",api-crystal-test,0,
crystal,"公式ウェブサイトをリニューアルしました",crystal-news-renewal,0,
crystal,"雑誌「天然生活」に掲載されます",crystal-news-tennen-seikatsu,0,
crystal,"春分の日とは？— 意味・由来・お彼岸との関係と過ごし方",shunbun,1,
crystal,"天然素材のお香の魅力とは？— 化学香料では再現できない香りの奥行き",kaoru,2,
crystal,"お香で空間を清める方法 — 煙の浄化作用と日本の「お清め」文化",kiyomeru,2,
crystal,"お香のある暮らし — 15分間の香りで日常を整える方法",todokeru,2,
crystal,"お香で呼吸を整える — 瞑想・マインドフルネスへの活用法",totonoeru,2,
jdltc,"The Ultimate Guide to Driving in Japan: Essential Traffic Rules & Safety for Foreigners",driving-in-japan-traffic-rules,0,
vantrip,"Master API Test",api-master-test,0,
vantrip,"Kyushu Campervan Rental Guide: Why Fukuoka is the Best Starting Point",kyushu-campervan-rental-guide-fukuoka,0,
vantrip,"7-Day Kyushu Campervan Itinerary: Hot Springs, Volcanoes, and Coastlines",7-day-kyushu-campervan-itinerary-hot-springs,0,
vantrip,"Exploring Aso Caldera by Campervan: Road Trip Tips & Parking Spots",exploring-aso-caldera-campervan-road-trip,0,
vantrip,"Winter Campervan Trip in Kyushu: Best Hot Springs and Snow-Free Roads",winter-campervan-trip-kyushu-hot-springs,0,
vantrip,"3-Day Nagasaki & Saga Loop: History, Pottery, and Coastal Drives",3-day-nagasaki-saga-campervan-loop,0,
vantrip,"Top 10 Free Campervan Parking Spots (Michi-no-Eki) in Kyushu",top-10-free-campervan-parking-michi-no-eki-kyushu,0,
vantrip,"RV Parks vs Michi-no-Eki: Where Should You Sleep in Your Campervan?",rv-parks-vs-michi-no-eki-campervan-japan,0,
vantrip,"Kyushu Auto-Campground Guide: Facilities, Power Hookups, and Fees",kyushu-auto-campground-guide-facilities,0,
vantrip,"Beachside Camping in Kyushu: Itoshima and Miyazaki Surf Spots",beachside-camping-kyushu-itoshima-miyazaki,0,
vantrip,"Japanese Onsen Etiquette for Foreigners: A Guide for Road Trippers",japanese-onsen-etiquette-foreigners-road-trippers,0,
vantrip,"How to Use Japanese Supermarkets to Cook in Your Campervan",how-to-use-japanese-supermarkets-cook-campervan,0,
vantrip,"Best Mobile Wi-Fi and Navigation Apps for Driving in Kyushu",best-mobile-wifi-navigation-apps-driving-kyushu,1,
vantrip,"10-Day Kyushu Grand Loop: Fukuoka, Kagoshima, and Miyazaki",10-day-kyushu-grand-loop-campervan-route,1,
vantrip,"Exploring the Hidden Christian Sites of Amakusa by Campervan",hidden-christian-sites-amakusa-campervan,0,
vantrip,"Saga Pottery Tour: Arita, Imari, and Karatsu by Road",saga-pottery-tour-arita-imari-karatsu,0,
vantrip,"Kyushu’s Best Scenic Drives: Yamanami Highway and Milk Road",kyushu-best-scenic-drives-yamanami-milk-road,0,
vantrip,"Decoding Japanese Roads: Pedestrians, Cyclists, and Parking Etiquette",jaf-parking-pedestrians-etiquette,1,
vantrip,"Driving in Japan: What to Do in Earthquakes, Typhoons, and Winter Weather",jaf-disaster-emergency-driving,2,
vantrip,"Beppu & Yufuin: A Complete Hot Spring Road Trip",beppu-yufuin-onsen-trip,2,
vantrip,"Mount Aso by Campervan: Volcano, Views & Van Life",mount-aso-campervan-guide,2,
vantrip,"Takachiho Gorge: Boats, Myths & Getting There by Van",takachiho-gorge-guide,2,
vantrip,"Japan Campervan FAQ: Everything First-Timers Need to Know",japan-campervan-faq,2,
vantrip,"Location Camping-Car au Japon : Guide Complet pour Explorer Kyushu",camping-car-japon-guide,2,
vantrip,"Japan Van Trip for Jewish and Israeli Travelers: A Complete Guide",japan-van-trip-jewish-travelers,1,
vantrip,"Why International Van Travelers Are Obsessed With Japan's Roadside Stations",michi-no-eki-foreign-travelers,2,
vantrip,"We Saw a Guest's 46-Spot Kyushu Wishlist — And It Surprised Us",kyushu-wishlist-foreign-traveler,2,
vantrip,"Test Article from API",api-test-delete-me,0,
vantrip,"Best 10 Cherry Blossom Spots in Kyushu for Campervan Travelers (2026)",kyushu-cherry-blossom-spots-2026,2,
wagyuninja,"2026 Global Matcha Shortage: Why Securing Supply from Japan is Critical Now",2026-global-matcha-shortage-supply-japan,0,
wagyuninja,"How to Import Authentic Matcha from Japan: A Complete Guide for Wholesalers",how-to-import-authentic-matcha-from-japan-b2b,0,
wagyuninja,"Sourcing Organic Matcha from Uji and Kagoshima: What Buyers Must Know",sourcing-organic-matcha-uji-kagoshima-b2b,0,
wagyuninja,"Japanese Matcha Wholesale Pricing Trends 2026: Cost Analysis",japanese-matcha-wholesale-pricing-trends-2026-b2b,1,
wagyuninja,"Japanese Wagyu Supply Chain Explained: From Farm to Global Export",japanese-wagyu-supply-chain-explained-b2b,0,
wagyuninja,"How to Become an Official Distributor of A5 Japanese Wagyu Beef",how-to-become-official-wagyu-distributor-b2b,0,
wagyuninja,"Kobe Beef vs Matsusaka Beef: Which Premium Wagyu Should You Import?",kobe-beef-vs-matsusaka-beef-import-guide-b2b,0,
wagyuninja,"Understanding the Wagyu Marbling Score (BMS) for Wholesale Buyers",understanding-wagyu-marbling-score-bms-b2b,0,
wagyuninja,"The Cold Chain Logistics of Exporting Chilled Wagyu from Japan",wagyu-cold-chain-logistics-export-japan-b2b,0,
wagyuninja,"FDA Requirements for Importing Wagyu Beef to the USA",fda-requirements-importing-wagyu-beef-usa-b2b,0,
wagyuninja,"Wagyu Beef Export Data 2025-2026: Market Trends & Projections",wagyu-beef-export-data-2025-2026-b2b,0,
wagyuninja,"Halal Wagyu from Japan: Sourcing Guide for Middle East Buyers",halal-wagyu-from-japan-sourcing-guide-b2b,0,
wagyuninja,"Differences between Japanese Wagyu and Australian/American Wagyu",japanese-wagyu-vs-australian-american-b2b,0,
wagyuninja,"Wagyu Ninja Procurement Services: Why Top Restaurants Trust Us",wagyu-ninja-procurement-services-b2b,0,
wagyuninja,"Custom Cut Wagyu Wholesale: Sirloin, Ribeye, and Tenderloin Specs",custom-cut-wagyu-wholesale-specs-b2b,0,
wagyuninja,"Matcha Tea Farm Partnerships: Direct Sourcing for Maximum Margin",matcha-tea-farm-partnerships-direct-sourcing-b2b,0,
wagyuninja,"Matcha Logistics: Ensuring Freshness During International Shipping",matcha-logistics-international-shipping-b2b,0,
